English,Sinhala
Personal data processing,පුද්ගලික දත්ත සැකසීම
Processing of personal data,පුද්ගලික දත්ත සැකසීම
Data subject rights,දත්ත හිමිකරුගේ අයිතිවාසිකම්
Right of access,ප්‍රවේශ අයිතිය
Right to erasure,මකා දැමීමේ අයිතිය
Lawful processing,නීතිමය සැකසීම
Data protection authority,දත්ත ආරක්ෂණ අධිකාරිය
Cross border data transfer,දේශසීමා අතර දත්ත මාරු කිරීම
Data protection obligations,දත්ත ආරක්ෂණ වගකීම්
Personal data breach,පුද්ගලික දත්ත උල්ලංඝනය
Data protection officer,දත්ත ආරක්ෂණ නිලධාරියා
Data processing activities,දත්ත සැකසුම් ක්‍රියාවලි
Technical measures,තාක්ෂණික ක්‍රියාමාර්ග
Organizational measures,සංවිධානමය ක්‍රියාමාර්ග
Automated decision making,ස්වයංක්‍රීය තීරණ ගැනීම
Written request,ලිඛිත ඉල්ලීම
Legal framework,නීතිමය රාමුව
Public authority processing,පොදු අධිකාරිය විසින් දත්ත සැකසීම
Third party services,තෙවන පාර්ශව සේවාවන්
Personal data protection,පුද්ගලික දත්ත ආරක්ෂාව
Data retention period,දත්ත රඳවා තබාගැනීමේ කාලය
Data security measures,දත්ත ආරක්ෂණ ක්‍රියාමාර්ග
Consent of the data subject,දත්ත හිමිකරුගේ සහමතය
Data processing purpose,දත්ත සැකසීමේ අරමුණ
Confidential information,රහස්‍ය තොරතුරු
Data transfer conditions,දත්ත මාරු කිරීමේ කොන්දේසි
Legal obligations,නීතිමය වගකීම්
Regulatory requirements,නියාමන අවශ්‍යතා
Special categories of personal data,විශේෂ ප්‍රභේදවල පුද්ගලික දත්ත
Conditions for lawful processing,නීතිමය සැකසීම සඳහා කොන්දේසි
Purpose of data processing,දත්ත සැකසීමේ අරමුණ
Further processing of data,දත්ත අතිරේක සැකසීම
Public interest purposes,මහජන හිතය අරමුණු
Scientific research purposes,විද්‍යාත්මක පර්යේෂණ අරමුණු
Statistical purposes,සංඛ්‍යාත්මක අරමුණු
Data accuracy requirements,දත්ත නිවැරදිතාව අවශ්‍යතා
Technical safeguards,තාක්ෂණික ආරක්ෂක ක්‍රියාමාර්ග
Organizational safeguards,සංවිධානමය ආරක්ෂක ක්‍රියාමාර්ග
Unauthorized processing,අනුමත නොකළ සැකසීම
Loss or destruction of data,දත්ත නැතිවීම හෝ විනාශය
Transparent communication,පැහැදිලි සන්නිවේදනය
Internal control mechanisms,අභ්‍යන්තර පාලන යාන්ත්‍රණ
Complaint handling mechanism,පැමිණිලි හසුරුවීමේ ක්‍රමය
Data breach identification,දත්ත උල්ලංඝන හඳුනාගැනීම
Periodic assessment process,කාලාන්තර ඇගයීමේ ක්‍රියාවලිය
Exercise of data subject rights,දත්ත හිමිකරුගේ අයිතිවාසිකම් ක්‍රියාත්මක කිරීම
Refusal of request,ඉල්ලීම ප්‍රතික්ෂේප කිරීම
Legal grounds for refusal,ප්‍රතික්ෂේප කිරීමට නීතිමය හේතු
Verification of identity,අනන්‍යතාව තහවුරු කිරීම
Submission of additional information,අතිරේක තොරතුරු ඉදිරිපත් කිරීම
Automated processing decision,ස්වයංක්‍රීය සැකසීම මත තීරණය
Review of automated decision,ස්වයංක්‍රීය තීරණ සමාලෝචනය
Joint controllers responsibility,සම පාලකයන්ගේ වගකීම
Contractual obligations,කොන්ත්‍රාත් වගකීම්
Data processing agreement,දත්ත සැකසීමේ ගිවිසුම
Sub processor involvement,අනු සැකසුම්කරුවන්ගේ සහභාගීත්වය
Access to computer systems,පරිගණක පද්ධති වෙත ප්‍රවේශය
Information held in storage media,ගබඩා මාධ්‍යවල තොරතුරු
Unauthorised modification of programmes,වැඩසටහන් අනවසරයෙන් වෙනස් කිරීම
Damage to computer systems,පරිගණක පද්ධති වලට හානි
Potential damage to data,දත්ත වලට ඇති විය හැකි හානි
Reliability of information,තොරතුරු විශ්වාසනීයභාවය
Destruction or deletion of data,දත්ත විනාශ කිරීම හෝ මකා දැමීම
Addition or alteration of information,තොරතුරු එකතු කිරීම හෝ වෙනස් කිරීම
Use of computer processing services,පරිගණක සැකසුම් සේවා භාවිතය
Storage and retrieval of data,දත්ත ගබඩා කිරීම සහ ලබාගැනීම
Introduction of malicious programs,හිතාමතා දෝෂකාරී වැඩසටහන් ඇතුළත් කිරීම
Falsification of computer data,පරිගණක දත්ත වංචා කිරීම
Function causing system damage,පද්ධතියට හානි කරන ක්‍රියාකාරීත්වය
Impairment of system operation,පද්ධතියේ ක්‍රියාකාරීත්වයට බාධා කිරීම
Electronic communication interception,විද්‍යුත් සන්නිවේදන අතුරුග්‍රහණය
Subscriber information access,ග්‍රාහක තොරතුරු වෙත ප්‍රවේශය
Traffic data interception,දත්ත ගමනාගමනය අතුරුග්‍රහණය
Electromagnetic signal monitoring,විද්‍යුත් චුම්බක සංඥා නිරීක්ෂණය
Import or export of illegal devices,නීතිවිරෝධී උපාංග ආනයනය හෝ අපනයනය
Distribution of access credentials,ප්‍රවේශ තොරතුරු බෙදාහැරීම
Provision of access tools,ප්‍රවේශ මෙවලම් සැපයීම
Entrusted access information,භාරදෙන ලද ප්‍රවේශ තොරතුරු
Breach of contractual confidentiality,කොන්ත්‍රාත් රහස්‍යතාව උල්ලංඝනය
Partial access to computer systems,පරිගණක පද්ධතියේ කොටස් වෙත ප්‍රවේශය
Substance of digital information,ඩිජිටල් තොරතුරුවල අර්ථය
Acquisition of data meaning,දත්ත අර්ථය ලබාගැනීම
Communication within computer networks,පරිගණක ජාල තුළ සන්නිවේදනය
Use of subscriber traffic records,ග්‍රාහක ගමනාගමන වාර්තා භාවිතය
Preservation of digital records,ඩිජිටල් වාර්තා ආරක්ෂා කිරීම
Controlled access environment,පාලනය කරන ලද ප්‍රවේශ පරිසරය
Cyber security regulatory authority,සයිබර් ආරක්ෂණ නියාමන අධිකාරිය
Civilian aspects of cyber security,පුරවැසි සයිබර් ආරක්ෂණ අංශ
National cyber security strategies,ජාතික සයිබර් ආරක්ෂණ උපායමාර්ග
Cyber security policies,සයිබර් ආරක්ෂණ ප්‍රතිපත්ති
Cyber security threats and incidents,සයිබර් තර්ජන සහ සිද්ධි
Secure cyber environment,ආරක්ෂිත සයිබර් පරිසරය
Critical national information infrastructure,ජාතික මූලික තොරතුරු යටිතලය
Cyber incident response functions,සයිබර් සිද්ධි ප්‍රතිචාර ක්‍රියාකාරකම්
Sectoral incident response teams,ක්ෂේත්‍රානුකූල ප්‍රතිචාර කණ්ඩායම්
Cyber security operation centre,සයිබර් ආරක්ෂණ මෙහෙයුම් මධ්‍යස්ථානය
Cyber threat indicators,සයිබර් තර්ජන සංඥා
Defensive cyber measures,සයිබර් ආරක්ෂක ක්‍රියාමාර්ග
Cyber security risk analysis,සයිබර් අවදානම් විශ්ලේෂණය
Removal of malicious programs,හිතාමතා හානිකර වැඩසටහන් ඉවත් කිරීම
Client computer protection,ග්‍රාහක පරිගණක ආරක්ෂාව
Cyber security compliance reports,සයිබර් අනුකූලතා වාර්තා
International cyber cooperation,අන්තර්ජාතික සයිබර් සහයෝගිතාව
Cyber security training programs,සයිබර් පුහුණු වැඩසටහන්
Awareness on cyber risks,සයිබර් අවදානම් පිළිබඳ අවබෝධය
Cyber security service accreditation,සයිබර් සේවා අනුමත කිරීම
Vulnerability assessments and penetration testing,දුර්වලතා පරීක්ෂණ සහ ප්‍රවේශ පරීක්ෂණ
Cyber security forensic investigations,සයිබර් සාක්ෂි පරීක්ෂණ
Cyber security advisory services,සයිබර් උපදේශන සේවාවන්
Design and implementation of security solutions,ආරක්ෂක විසඳුම් සැලසුම් කිරීම සහ ක්‍රියාත්මක කිරීම
Cyber security service providers,සයිබර් සේවා සැපයුම්කරුවන්
Operational technology systems,ක්‍රියාත්මක තාක්ෂණ පද්ධති
Information in transit and storage,ප්‍රවාහනය සහ ගබඩා තොරතුරු
Protection against unauthorized access,අනවසර ප්‍රවේශයට එරෙහි ආරක්ෂාව
Cyber security incident reporting,සයිබර් සිද්ධි වාර්තා කිරීම
Online safety commission,මාර්ගගත ආරක්ෂණ කොමිෂන් සභාව
Prohibited online statement,තහනම් මාර්ගගත ප්‍රකාශය
False statement online,මාර්ගගත අසත්‍ය ප්‍රකාශය
Online account misuse,මාර්ගගත ගිණුම් අනිසි භාවිතය
Inauthentic online account,නොසත්‍ය මාර්ගගත ගිණුම
Declared online location,ප්‍රකාශිත මාර්ගගත ස්ථානය
Communication of prohibited statements,තහනම් ප්‍රකාශ සන්නිවේදනය
Online location operator,මාර්ගගත ස්ථාන ක්‍රියාකරු
Internet based communication services,අන්තර්ජාල පදනම් සන්නිවේදන සේවා
End users in Sri Lanka,ශ්‍රී ලංකාවේ අවසාන පරිශීලකයන්
Opportunity of responding,ප්‍රතිචාර දැක්වීමේ අවස්ථාව
Disable access to online location,මාර්ගගත ස්ථානයට ප්‍රවේශය අක්‍රිය කිරීම
Remove prohibited statement,තහනම් ප්‍රකාශය ඉවත් කිරීම
Online portal for public information,මහජන තොරතුරු සඳහා මාර්ගගත ද්වාරය
Code of practice,ක්‍රියාචාර සංග්‍රහය
Social media platform registration,සමාජ මාධ්‍ය වේදිකා ලියාපදිංචිය
Contempt of court statement,අධිකරණයට අපහාස වන ප්‍රකාශය
Religious feelings,ආගමික හැඟීම්
Online cheating by personation,පුද්ගල ලෙස පෙනී සිටිමින් මාර්ගගත වංචාව
Private information publication,පුද්ගලික තොරතුරු ප්‍රකාශනය
Coordinated inauthentic behaviour,සම්බන්ධීකෘත නොසත්‍ය හැසිරීම
Paid content on declared locations,ප්‍රකාශිත ස්ථානවල ගෙවූ අන්තර්ගතය
Disclosure of identity information,අනන්‍යතා තොරතුරු හෙළි කිරීම
Court order to prevent circulation,ප්‍රචාරණය වැළැක්වීමේ අධිකරණ නියෝගය
Electronic transaction system,විද්‍යුත් ගනුදෙනු පද්ධතිය
Electronic record recognition,විද්‍යුත් වාර්තා පිළිගැනීම
Legal validity of electronic records,විද්‍යුත් වාර්තා වල නීතිමය වලංගුභාවය
Electronic document format,විද්‍යුත් ලේඛන ආකෘතිය
Electronic signature authentication,විද්‍යුත් අත්සන සත්‍යාපනය
Data message integrity,දත්ත පණිවිඩ අඛණ්ඩතාව
Reliable electronic communication,විශ්වාසනීය විද්‍යුත් සන්නිවේදනය
Retention of electronic records,විද්‍යුත් වාර්තා රඳවා තබාගැනීම
Accessibility for future reference,අනාගත යොමු සඳහා ප්‍රවේශය
Originator of data message,දත්ත පණිවිඩයේ මූලාශ්‍රකරු
Addressee of communication,සන්නිවේදනය ලබන්නා
Automated information system,ස්වයංක්‍රීය තොරතුරු පද්ධතිය
Acknowledgement of receipt,ලැබීම තහවුරු කිරීම
Time of dispatch and receipt,යැවීම හා ලැබීමේ වේලාව
Electronic contract formation,විද්‍යුත් ගිවිසුම් නිර්මාණය
Offer and acceptance electronically,විද්‍යුත් ලෙස ඉදිරිපත් කිරීම සහ පිළිගැනීම
Certification service provider,සහතික සේවා සපයන්නා
Accreditation criteria,අනුමත කිරීමේ මাপকය
Electronic evidence admissibility,විද්‍යුත් සාක්ෂි පිළිගැනීම
Integrity of electronic information,විද්‍යුත් තොරතුරු අඛණ්ඩතාව
Confidential electronic processing,රහස්‍ය විද්‍යුත් සැකසීම
Secure electronic infrastructure,ආරක්ෂිත විද්‍යුත් යටිතලය
Electronic communication reliability,විද්‍යුත් සන්නිවේදන විශ්වාසනීයභාවය
Legal recognition of contracts,ගිවිසුම් නීතිමය පිළිගැනීම
Payment device fraud offence,ගෙවීම් උපාංග වංචා අපරාධය
Unauthorized possession of device,අනවසර උපාංග අයිති කරගැනීම
Counterfeit payment device usage,නකල් ගෙවීම් උපාංග භාවිතය
Fraudulent application for device,වංචාකාරී උපාංග අයදුම
Cardholder information disclosure,කාඩ් හිමිකරු තොරතුරු හෙළි කිරීම
Transaction data recording devices,ගනුදෙනු දත්ත பதிவு උපකරණ
Point of sale network,විකුණුම් ස්ථාන ජාලය
Automated teller machine network,ATM ජාලය
Unauthorized transaction processing,අනවසර ගනුදෙනු සැකසීම
Fraudulent merchant application,වංචාකාරී වෙළෙන්දා අයදුම
Payment device account generation,ගිණුම් අංක නිර්මාණය
Use of stolen payment device,සොරකම් කළ උපාංග භාවිතය
Financial advantage through fraud,වංචාවෙන් ලැබෙන මූල්‍ය වාසි
False transaction records,අසත්‍ය ගනුදෙනු වාර්තා
Multiple transaction imprints,බහු ගනුදෙනු මුද්‍රණ
Acceptance of unauthorized payment,අනවසර ගෙවීම් පිළිගැනීම
Investigation of fraud offences,වංචා අපරාධ පරීක්ෂණය
Expert assistance in investigation,පරීක්ෂණයට විශේෂඥ සහාය
Search and seizure operations,සෙවීම සහ අත්අඩංගුවට ගැනීම
Disclosure of traffic data,ගමනාගමන දත්ත හෙළි කිරීම
Confidential handling of information,රහස්‍ය තොරතුරු හැසිරවීම
Legal presumption of fraud,වංචාව පිළිබඳ නීතිමය අනුමානය
Compensation for financial loss,මූල්‍ය හානි සඳහා වන්දි
Extradition of offenders,අපරාධකරුවන් පිටුදැකීම
Mutual legal assistance,අන්‍යෝන්‍ය නීතිමය සහාය
Consumer protection mechanism,පාරිභෝගික ආරක්ෂණ ක්‍රමවේදය
Fair trade practices,සාධාරණ වෙළඳාම
Restrictive trade practices,සීමිත වෙළඳාම
Anti competitive conduct,ප්‍රතිතරඟකාරී හැසිරීම
Market competition promotion,වෙළඳපොළ තරඟ ප්‍රවර්ධනය
Consumer rights protection,පාරිභෝගික අයිතිවාසිකම් ආරක්ෂාව
Price control mechanism,මිල පාලන ක්‍රමය
Labelling and price marking,ලේබල් සහ මිල සලකුණු කිරීම
Standards and specifications compliance,ප්‍රමිතීන්ට අනුකූල වීම
Supply of goods and services,භාණ්ඩ සහ සේවා සැපයීම
Complaint handling procedure,පැමිණිලි සකස් කිරීමේ ක්‍රියාවලිය
Consumer redress mechanism,පාරිභෝගික නීතිමය පිළිතුරු ක්‍රමය
Refund and replacement policy,මුදල් ආපසු සහ භාණ්ඩ මාරු ප්‍රතිපත්තිය
Maximum retail price control,උපරිම සිල්ලර මිල පාලනය
Display of price list,මිල ලැයිස්තුව ප්‍රදර්ශනය
Issuing receipts to customers,පාරිභෝගිකයන්ට රසිදු නිකුත් කිරීම
Misleading business conduct,භ്രമණීය ව්‍යාපාර හැසිරීම
False representation of goods,භාණ්ඩ පිළිබඳ අසත්‍ය ප්‍රකාශය
Consumer complaint inquiry,පාරිභෝගික පැමිණිලි පරීක්ෂණය
Market investigation process,වෙළඳපොළ විමර්ශන ක්‍රියාවලිය
Public sector efficiency study,රාජ්‍ය අංශ කාර්යක්ෂමතා අධ්‍යයනය
Private sector performance review,පෞද්ගලික අංශ විගණනය
Authority investigation powers,අධිකාරියේ විමර්ශන බලතල
Confidential information handling,රහස්‍ය තොරතුරු කළමනාකරණය
Monitoring of data subjects behaviour,දත්ත හිමිකරුගේ හැසිරීම නිරීක්ෂණය
Processing by automated means,ස්වයංක්‍රීය ක්‍රම මගින් දත්ත සැකසීම
Manual processing of data,අත්‍යන්තර දත්ත සැකසීම
Processing activities outside the Union,සංගමයෙන් පිටත දත්ත සැකසීම
Offering goods or services to data subjects,දත්ත හිමිකරුවන්ට සේවා හෝ භාණ්ඩ සැපයීම
Tracking of online identifiers,මාර්ගගත හඳුනාගැනීම් පසුබැසීම
Use of profiling techniques,පැතිකඩ තාක්ෂණ භාවිතය
Identification of natural persons,ස්වාභාවික පුද්ගලයන් හඳුනාගැනීම
Anonymous information processing,අනන්‍ය නොවන තොරතුරු සැකසීම
Pseudonymised data handling,අර්ධ අනන්‍යකරණ දත්ත කළමනාකරණය
Legal obligation for processing,සංස්කරණයට නීතිමය බැඳීම
Public interest data processing,මහජන උනන්දුව සඳහා දත්ත සැකසීම
Exercise of official authority,නිල බලය ක්‍රියාත්මක කිරීම
Consent based processing,අනුමැතිය මත දත්ත සැකසීම
Contractual necessity for processing,ගිවිසුම් අවශ්‍යතාව මත සැකසීම
Protection of vital interests,ජීවිතාත්මක අවශ්‍යතා ආරක්ෂාව
Legitimate interest balancing test,නීතිමය උනන්දුව සමාන කිරීම
Direct marketing activities,සෘජු වෙළඳ ප්‍රචාරණ ක්‍රියාකාරකම්
Fraud prevention processing,වංචා වැළැක්වීම සඳහා සැකසීම
Network security measures,ජාල ආරක්ෂණ ක්‍රියාමාර්ග
Processing for research purposes,පර්යේෂණ සඳහා දත්ත සැකසීම
Statistical data processing,සංඛ්‍යානමය දත්ත සැකසීම
Archiving in public interest,මහජන උනන්දුව සඳහා දත්ත ගබඩා කිරීම
Further processing compatibility,ඉදිරියට සැකසීමේ ගැලපීම
Telecommunication regulatory authority,දුරකථන නියාමන අධිකාරිය
Provision of telecommunication services,දුරකථන සේවා සැපයීම
Efficient telecommunication network,කාර්යක්ෂම දුරකථන ජාලය
National telecommunication system,ජාතික සන්නිවේදන පද්ධතිය
Licensing of telecommunication operators,ක්‍රියාකරුවන්ට අනුමති ලබාදීම
Radio frequency spectrum management,ආවර්තන පරාස කළමනාකරණය
Assignment of frequency bands,ආවර්තන කණ්ඩායම් පවරා දීම
Technical standards compliance,තාක්ෂණික ප්‍රමිතීන්ට අනුකූල වීම
Interconnection of networks,ජාල අන්තර් සම්බන්ධතාව
Access to telecommunication systems,සන්නිවේදන පද්ධතිවලට ප්‍රවේශය
Quality of service standards,සේවා ගුණාත්මක ප්‍රමිතීන්
Tariff approval mechanism,ගාස්තු අනුමත කිරීමේ ක්‍රමය
Non discriminatory access,අසමාන නොවන ප්‍රවේශය
Public interest protection,මහජන හිත ආරක්ෂාව
Complaint investigation process,පැමිණිලි විමර්ශන ක්‍රියාවලිය
Dispute resolution mechanism,විවාද විසඳීමේ ක්‍රමය
Market competition regulation,වෙළඳපොළ තරඟ නියාමනය
Licence conditions enforcement,අනුමති කොන්දේසි බලගන්වීම
Inspection and monitoring powers,පරීක්ෂණ සහ නිරීක්ෂණ බලතල
Public hearing procedure,මහජන සවන් දීමේ ක්‍රියාවලිය
Submission of financial reports,මූල්‍ය වාර්තා ඉදිරිපත් කිරීම
Confidential information protection,රහස්‍ය තොරතුරු ආරක්ෂාව
Telecommunication infrastructure sharing,යටිතල බෙදාගැනීම
Relevant facts in issue,විවාදයේ අදාළ කරුණු
Oral evidence given by witnesses,සාක්ෂිකරුවන් විසින් ලබාදෙන වාචික සාක්ෂි
Documentary evidence submitted to court,අධිකරණයට ඉදිරිපත් කරන ලේඛන සාක්ෂි
Facts forming part of same transaction,එකම ගනුදෙනුවේ කොටස් වන කරුණු
Facts showing motive or preparation,හේතුව හෝ සූදානම පෙන්වන කරුණු
Conduct influencing relevant facts,අදාළ කරුණු බලපාන හැසිරීම
Facts explaining relevant facts,අදාළ කරුණු පැහැදිලි කරන කරුණු
Evidence of facts in issue,විවාද කරුණු සම්බන්ධ සාක්ෂි
Statements made by witnesses,සාක්ෂිකරුවන් විසින් කරන ප්‍රකාශ
Admissions made by a party,පාර්ශවයකින් කරන අග්‍රහණ
Confessions made by accused,චෝදනා ලැබූ පුද්ගලයාගේ සම්මත ප්‍රකාශ
Relevant statements of deceased persons,මියගිය පුද්ගලයන්ගේ අදාළ ප්‍රකාශ
Entries in books of account,ගිණුම් පොත්වල සටහන්
Public records maintained by authorities,රාජ්‍ය ආයතන පවත්වාගෙන යන වාර්තා
Expert opinion on technical matters,තාක්ෂණික කරුණු පිළිබඳ විශේෂඥ මතය
Opinion on handwriting authenticity,අත්ලිය සත්‍යතාව පිළිබඳ මතය
Facts affecting determination of damages,හානි තීරණයට බලපාන කරුණු
Judicial notice of facts,අධිකරණයෙන් ස්වයංක්‍රීයව පිළිගන්නා කරුණු
Previous judgments as evidence,පෙර තීන්දුව සාක්ෂි ලෙස භාවිතා කිරීම
Evidence given in previous proceedings,පෙර විධාන වලදී ලබාදුන් සාක්ෂි
Statements made in ordinary course of business,සාමාන්‍ය ව්‍යාපාරික ක්‍රියාවලියේදී කරන ප්‍රකාශ
Facts showing state of mind,මානසික තත්ත්වය පෙන්වන කරුණු
Right of access to information,තොරතුරු වෙත ප්‍රවේශ අයිතිය
Request for access to information,තොරතුරු ලබාගැනීම සඳහා ඉල්ලීම
Grounds for refusal of information,තොරතුරු ප්‍රතික්ෂේප කිරීමට හේතු
Disclosure of personal information,පුද්ගලික තොරතුරු හෙළි කිරීම
Protection of national security,ජාතික ආරක්ෂාව රැකීම
Public authority responsibilities,රාජ්‍ය ආයතන වගකීම්
Maintenance of official records,රාජ්‍ය වාර්තා පවත්වාගෙන යාම
Right to appeal against decision,තීරණයකට එරෙහිව අභියාචනා අයිතිය
Submission of annual reports,වාර්ෂික වාර්තා ඉදිරිපත් කිරීම
Appointment of information officers,තොරතුරු නිලධාරීන් පත් කිරීම
Procedure for obtaining information,තොරතුරු ලබාගැනීමේ ක්‍රියාවලිය
Time limits for providing information,තොරතුරු ලබාදීමේ කාල සීමා
Disclosure in public interest,ජනහිතය සඳහා හෙළි කිරීම
Confidential information supplied by third party,තෙවන පාර්ශවයක් විසින් ලබාදුන් රහස්‍ය තොරතුරු
Information stored in electronic format,ඉලෙක්ට්‍රොනික ආකාරයෙන් සුරකින තොරතුරු
Duty to publish reports,වාර්තා ප්‍රකාශ කිරීමේ වගකීම
Right to inspect documents,ලේඛන පරීක්ෂා කිරීමේ අයිතිය
Appeal to the Information Commission,තොරතුරු කොමිසම වෙත අභියාචනය
Provision of incomplete or misleading information,අසම්පූර්ණ හෝ වැරදි තොරතුරු සැපයීම
Disclosure of project information,ව්‍යාපෘති තොරතුරු හෙළි කිරීම
Right of copyright protection,ප්‍රකාශන හිමිකම් ආරක්ෂණ අයිතිය
Exclusive rights of the author,කර්තෘගේ විශේෂ අයිතිවාසිකම්
Reproduction of a work,කෘතියක් ප්‍රතිනිර්මාණය කිරීම
Public communication of a work,කෘතියක් මහජනතාවට සන්නිවේදනය කිරීම
Adaptation of a copyrighted work,ප්‍රකාශන හිමිකම් ඇති කෘතියක් අනුකරණය කිරීම
Translation of a work,කෘතියක් පරිවර්තනය කිරීම
Distribution of copies to the public,පිටපත් මහජනතාවට බෙදාහැරීම
Protection of intellectual property rights,බුද්ධිමය දේපළ අයිතිවාසිකම් ආරක්ෂාව
Registration of industrial designs,කාර්මික නිර්මාණ ලියාපදිංචිය
Ownership of economic rights,ආර්ථික අයිතිවාසිකම් හිමිකාරිත්වය
Moral rights of the author,කර්තෘගේ නৈতিক අයිතිවාසිකම්
Fair use of copyrighted material,ප්‍රකාශන හිමිකම් යටතේ සාධාරණ භාවිතය
Use for educational purposes,අධ්‍යාපනික අරමුණු සඳහා භාවිතය
Infringement of copyright,ප්‍රකාශන හිමිකම් උල්ලංඝනය
Legal remedies for infringement,උල්ලංඝනය සඳහා නීතිමය පිළියම්
Assignment of copyright ownership,හිමිකාරිත්වය පවරා දීම
Licensing of intellectual property,බුද්ධිමය දේපළ සඳහා අවසර ලබාදීම
Public performance of a work,කෘතියක් මහජන ප්‍රදර්ශනය
Broadcasting of copyrighted content,ප්‍රකාශන හිමිකම් අන්තර්ගතය ප්‍රචාරණය
Protection of industrial designs,කාර්මික නිර්මාණ ආරක්ෂාව
Right to delete personal information,පුද්ගලික තොරතුරු මකා දැමීමේ අයිතිය
Right to correct inaccurate information,වැරදි තොරතුරු නිවැරදි කිරීමේ අයිතිය
Right to know collected information,එකතු කරන ලද තොරතුරු දැනගැනීමේ අයිතිය
Right to access personal information,පුද්ගලික තොරතුරු වෙත ප්‍රවේශ වීමේ අයිතිය
Right to opt out of data sharing,දත්ත බෙදාහැරීමෙන් ඉවත් වීමේ අයිතිය
Right to limit sensitive data usage,සංවේදී දත්ත භාවිතය සීමා කිරීමේ අයිතිය
Disclosure of personal data categories,පුද්ගලික දත්ත වර්ග හෙළිදරව් කිරීම
Collection of personal information,පුද්ගලික තොරතුරු එකතු කිරීම
Processing of consumer data,පාරිභෝගික දත්ත සැකසීම
Retention period of data,දත්ත රඳවා තබා ගැනීමේ කාලය
Use of personal information,පුද්ගලික තොරතුරු භාවිතය
Sharing personal information with third parties,තෙවන පාර්ශවයන්ට දත්ත බෙදාහැරීම
Consumer request verification,පාරිභෝගික ඉල්ලීම් සත්‍යාපනය
Security of personal data,පුද්ගලික දත්ත ආරක්ෂාව
Business purpose for data collection,දත්ත එකතු කිරීමේ ව්‍යාපාරික අරමුණ
Sensitive data processing limitation,සංවේදී දත්ත සැකසීම සීමා කිරීම
Non-discrimination of consumers,පාරිභෝගිකයන්ට වෙනස්කම් නොකිරීම
Financial incentive program,මූල්‍ය ප්‍රතිලාභ වැඩසටහන
Consumer privacy rights,පාරිභෝගික පෞද්ගලිකත්ව අයිතිවාසිකම්
Right to access personal data,පුද්ගලික දත්ත වෙත ප්‍රවේශ වීමේ අයිතිය
Right to rectification,දත්ත නිවැරදි කිරීමේ අයිතිය
Right to restrict processing,දත්ත සැකසීම සීමා කිරීමේ අයිතිය
Right to information,තොරතුරු ලබාගැනීමේ අයිතිය
Lawful and fair processing,නීතිමය සහ සාධාරණ සැකසීම
Processing based on consent,අනුමැතිය මත දත්ත සැකසීම
Transfer of personal data to third countries,දත්ත තෙවන රටවලට හුවමාරු කිරීම
Automated decision safeguards,ස්වයංක්‍රීය තීරණ ආරක්ෂණ ක්‍රියාමාර්ග
Data retention limitation,දත්ත රඳවා තබා ගැනීම සීමා කිරීම
Processing for public interest,පොදු හිත සඳහා දත්ත සැකසීම
Obligations of controller,පාලකයාගේ වගකීම්
Data protection by design,සැලසුම් මට්ටමේ දත්ත ආරක්ෂාව
Collection of personal data,පුද්ගලික දත්ත එකතු කිරීම
Use of personal data,පුද්ගලික දත්ත භාවිතය
Disclosure of personal data,පුද්ගලික දත්ත හෙළි කිරීම
Consent of the individual,පුද්ගලයාගේ අනුමැතිය
Withdrawal of consent,අනුමැතිය ඉවත් කිරීම
Purpose of data collection,දත්ත එකතු කිරීමේ අරමුණ
Notification of purpose,අරමුණ දැනුම්දීම
Access to personal data,පුද්ගලික දත්ත වෙත ප්‍රවේශය
Correction of personal data,පුද්ගලික දත්ත නිවැරදි කිරීම
Protection of personal data,පුද්ගලික දත්ත ආරක්ෂාව
Retention of personal data,පුද්ගලික දත්ත රඳවා තබා ගැනීම
Transfer of personal data,පුද්ගලික දත්ත මාරු කිරීම
Data breach notification,දත්ත කඩාවැටීම් දැනුම්දීම
Obligations of organisations,සංවිධානවල බැඳීම්
Rights of individuals,පුද්ගලයන්ගේ අයිතිවාසිකම්
Lawful use of personal data,නීතිමය දත්ත භාවිතය
Reasonable purpose,සාධාරණ අරමුණ
Publicly available data,මහජනට ලබාගත හැකි දත්ත
Business contact information,ව්‍යාපාරික සම්බන්ධතා තොරතුරු
Derived personal data,උත්පාදිත පුද්ගලික දත්ත
Processing of digital personal data,ඩිජිටල් පුද්ගලික දත්ත සැකසීම
Consent of the data principal,දත්ත හිමිකරුගේ අනුමැතිය
Withdrawal of consent by data principal,දත්ත හිමිකරු විසින් අනුමැතිය ඉවත් කිරීම
Specified purpose of processing,සැකසීමේ නිශ්චිත අරමුණ
Lawful purpose of data processing,දත්ත සැකසීමේ නීතිමය අරමුණ
Obligations of data fiduciary,දත්ත භාරකරුගේ බැඳීම්
Rights of data principal,දත්ත හිමිකරුගේ අයිතිවාසිකම්
Grievance redressal mechanism,පැමිණිලි විසඳීමේ ක්‍රමය
Processing of children’s data,ළමා දත්ත සැකසීම
Verifiable parental consent,සත්‍යාපිත මාපිය අනුමැතිය
Appointment of data protection officer,දත්ත ආරක්ෂණ නිලධාරී පත් කිරීම
Data protection impact assessment,දත්ත ආරක්ෂණ බලපෑම් ඇගයීම
Notification of data breach,දත්ත කඩාවැටීම් දැනුම්දීම
Transfer of personal data outside India,දත්ත විදේශයට මාරු කිරීම
Exemptions for data processing,දත්ත සැකසීම සඳහා විශේෂ ව්‍යවස්ථා
Establishment of data protection board,දත්ත ආරක්ෂණ මණ්ඩලය පිහිටුවීම
Powers and functions of the board,මණ්ඩලයේ බලතල සහ කාර්යයන්
Appeal to appellate tribunal,අභියාචනා මණ්ඩලයට යොමු වීම
Voluntary undertaking by organisation,සංවිධානයේ ස්වේච්ඡා වගකීම
Imposition of monetary penalties,මුදල් දඩය පැනවීම
Information we collect,අපි එකතු කරන තොරතුරු
User activity information,පරිශීලක ක්‍රියාකාරකම් තොරතුරු
Device and browser information,උපාංග සහ බ්‍රවුසර තොරතුරු
Location based information,ස්ථාන පදනම් තොරතුරු
Content created by users,පරිශීලකයන් විසින් නිර්මාණය කරන අන්තර්ගතය
Personalized services,පුද්ගලීකරණ සේවා
Personalized advertisements,පුද්ගලීකරණ ප්‍රචාරණ
Security and protection measures,ආරක්ෂණ ක්‍රියාමාර්ග
Data collection technologies,දත්ත එකතු කිරීමේ තාක්ෂණ
Use of cookies and storage,කුකී සහ ගබඩා භාවිතය
Sharing of information,තොරතුරු බෙදාහැරීම
Fraud and abuse prevention,වංචා සහ අනිසි භාවිත වැළැක්වීම
System performance measurement,පද්ධති කාර්ය සාධන මාපනය
Activity controls settings,ක්‍රියාකාරකම් පාලන සැකසුම්
Privacy settings management,පෞද්ගලිකත්ව සැකසුම් කළමනාකරණය
Exporting user data,පරිශීලක දත්ත අපනයනය
Deleting user information,පරිශීලක තොරතුරු මකාදැමීම
Publicly shared information,මහජන ලෙස බෙදාගත් තොරතුරු
Account management tools,ගිණුම් කළමනාකරණ මෙවලම්
Security features implementation,ආරක්ෂණ විශේෂාංග ක්‍රියාත්මක කිරීම
Unauthorized access prevention,අනවසර ප්‍රවේශ වැළැක්වීම
User profile information,පරිශීලක පැතිකඩ තොරතුරු
Interaction with content,අන්තර්ගත සමඟ අන්තර්ක්‍රියාව
Device related information,උපාංගයට සම්බන්ධ තොරතුරු
Location related information,ස්ථානයට සම්බන්ධ තොරතුරු
Network connection information,ජාල සම්බන්ධතා තොරතුරු
Use of integrated partners,එකාබද්ධ හවුල්කරුවන් භාවිතය
Sharing with third parties,තෙවන පාර්ශවයන් සමඟ බෙදාගැනීම
Personalized content delivery,පුද්ගලීකරණ අන්තර්ගත සැපයීම
Ad targeting and personalization,ප්‍රචාරණ ඉලක්කකරණය සහ පුද්ගලීකරණය
Account linking across services,සේවා අතර ගිණුම් සම්බන්ධ කිරීම
Security and integrity protection,ආරක්ෂාව සහ අඛණ්ඩතාව ආරක්ෂා කිරීම
Detection of harmful behavior,හානිකර හැසිරීම් හඳුනාගැනීම
Compliance with legal obligations,නීතිමය බැඳීම් පිළිපැදීම
Response to legal requests,නීතිමය ඉල්ලීම්ට ප්‍රතිචාර
Data retention decision factors,දත්ත රඳවාගැනීමේ තීරණ කරුණු
Anonymization of user data,පරිශීලක දත්ත අනාමික කිරීම
Aggregated data analysis,සංග්‍රහිත දත්ත විශ්ලේෂණය
Business analytics services,ව්‍යාපාරික විශ්ලේෂණ සේවා
Marketing communications delivery,වෙළඳ ප්‍රචාරණ සන්නිවේදනය
Research and innovation purposes,පර්යේෂණ සහ නවෝත්පාදන අරමුණු
Collection of customer information,ගනුදෙනුකරුවන්ගේ තොරතුරු එකතු කිරීම
Processing of personal information,පුද්ගලික තොරතුරු සැකසීම
Automatic data collection,ස්වයංක්‍රීය දත්ත එකතු කිරීම
Information from other sources,වෙනත් මූලාශ්‍ර වලින් ලැබෙන තොරතුරු
Payment processing system,ගෙවීම් සැකසීමේ පද්ධතිය
Order management process,ඇණවුම් කළමනාකරණ ක්‍රියාවලිය
Personalized recommendations system,පුද්ගලීකරණ නිර්දේශ පද්ධතිය
Interest based advertising,ආසක්ති පදනම් ප්‍රචාරණය
Fraud prevention mechanisms,වංචා වැළැක්වීමේ ක්‍රම
Credit risk assessment,ණය අවදානම් ඇගයීම
Communication with customers,ගනුදෙනුකරුවන් සමඟ සන්නිවේදනය
Third party service providers,තෙවන පාර්ශව සේවා සපයන්නන්
Business transfer transactions,ව්‍යාපාර මාරු ගනුදෙනු
Legal compliance requirements,නීතිමය අනුකූලතා අවශ්‍යතා
Security protection measures,ආරක්ෂණ ක්‍රියාමාර්ග
Encryption during data transmission,දත්ත ප්‍රේෂණයේදී සංකේතනය
Customer account information,ගනුදෙනුකරුගේ ගිණුම් තොරතුරු
Access to account settings,ගිණුම් සැකසුම් වෙත ප්‍රවේශය
Advertising identifier usage,ප්‍රචාරණ හඳුනාගැනීමේ භාවිතය
Children data protection rules,ළමා දත්ත ආරක්ෂණ නීති
User preference settings,පරිශීලක අභිරුචි සැකසුම්
Device and browser data,උපාංග සහ බ්‍රවුසර දත්ත
Cookie and identifier usage,කුකී සහ හඳුනාගැනීම් භාවිතය
Platform user information,වේදිකා පරිශීලක තොරතුරු
Buyer and seller interaction,මිලදී ගන්නා හා විකුණුම්කරු අන්තර්ක්‍රියාව
Verification of account registration,ගිණුම් ලියාපදිංචිය සත්‍යාපනය
Customer complaint handling,ගනුදෙනුකරු පැමිණිලි කළමනාකරණය
Dispute resolution process,විවාද විසඳීමේ ක්‍රියාවලිය
Browsing and transaction activity,සෙවීම සහ ගනුදෙනු ක්‍රියාකාරකම්
Device and usage information,උපාංග හා භාවිත තොරතුරු
Third party verification services,තෙවන පාර්ශව සත්‍යාපන සේවා
Fraud and money laundering checks,වංචා සහ මුදල් පිරිසිදු කිරීම පරීක්ෂණ
Know your customer procedures,ගනුදෙනුකරු හඳුනාගැනීමේ ක්‍රියාවලිය
Marketing and advertising partners,වෙළඳ ප්‍රචාරණ හවුල්කරුවන්
Payment processing providers,ගෙවීම් සැකසීමේ සේවා සපයන්නන්
Logistics and delivery partners,ප්‍රවාහන සහ භාරදීම හවුල්කරුවන්
Data retention policies,දත්ත රඳවා තබාගැනීමේ ප්‍රතිපත්ති
Legal compliance obligations,නීතිමය අනුකූලතා බැඳීම්
International data transfers,අන්තර්ජාතික දත්ත මාරු
User data anonymization process,පරිශීලක දත්ත අනාමික කිරීම
Cookie tracking technologies,කුකී අනුගමන තාක්ෂණ
Session and persistent cookies,සැසි සහ ස්ථිර කුකී
Data subject rights request,දත්ත හිමිකරුගේ ඉල්ලීම්
Restriction of data processing,දත්ත සැකසීම සීමා කිරීම
Opt out of marketing communication,වෙළඳ ප්‍රචාරණයෙන් ඉවත් වීම
Platform user registration,වේදිකා පරිශීලක ලියාපදිංචිය
Account administration process,ගිණුම් කළමනාකරණ ක්‍රියාවලිය
Purchase and delivery services,මිලදී ගැනීම සහ භාරදීම සේවා
Logistics and warehousing services,ප්‍රවාහන සහ ගබඩා සේවා
Customs clearance processing,කස්ටම්ස් නිදහස් කිරීමේ ක්‍රියාවලිය
Customer service support,ගනුදෙනුකරු සහාය සේවා
Feedback and dispute management,ප්‍රතිචාර සහ විවාද කළමනාකරණය
Communication between users,පරිශීලකයන් අතර සන්නිවේදනය
Voice and image processing services,ශබ්ද සහ රූප සැකසීමේ සේවා
Content stored on devices,උපාංගවල සුරකින අන්තර්ගතය
Recommendation and personalization,නිර්දේශ සහ පුද්ගලීකරණය
Marketing and advertising services,වෙළඳ ප්‍රචාරණ සේවා
Browsing and activity tracking,සෙවීම සහ ක්‍රියාකාරකම් නිරීක්ෂණය
Research and statistical analysis,පර්යේෂණ සහ සංඛ්‍යාත්මක විශ්ලේෂණය
Fraud detection and prevention,වංචා හඳුනාගැනීම සහ වැළැක්වීම
Credit risk assessment process,ණය අවදානම් ඇගයීමේ ක්‍රියාවලිය
Identity verification procedures,හැඳුනුම් සත්‍යාපන ක්‍රියාවලිය
Anti money laundering checks,මුදල් පිරිසිදු කිරීම වැළැක්වීමේ පරීක්ෂණ
Data sharing with third parties,තෙවන පාර්ශව සමඟ දත්ත බෙදාගැනීම
Cloud storage services,වලාකුළු ගබඩා සේවා
Instant messaging services,ක්ෂණික පණිවිඩ සේවා
Data protection rights request,දත්ත ආරක්ෂණ අයිතිවාසිකම් ඉල්ලීම
Personal data processing purposes,පුද්ගලික දත්ත සැකසීමේ අරමුණු
Legal basis for processing,සැකසීම සඳහා නීතිමය පදනම
Performance of a contract,ගිවිසුමක් ක්‍රියාත්මක කිරීම
Legitimate interest processing,සාධාරණ රුචිය මත සැකසීම
User rights over personal data,පුද්ගලික දත්ත පිළිබඳ පරිශීලක අයිතිවාසිකම්
Access and correction rights,ප්‍රවේශ සහ නිවැරදි කිරීමේ අයිතිය
Deletion and portability rights,මකා දැමීම සහ මාරු කිරීමේ අයිතිය
Objection to data processing,දත්ත සැකසීමට විරුද්ධ වීම
International data processing,අන්තර්ජාතික දත්ත සැකසීම
Data retention determination,දත්ත රඳවා තබාගැනීමේ තීරණය
Machine learning applications,යන්ත්‍ර ඉගෙනීමේ භාවිතය
Cookie and tracking technologies,කුකී සහ අනුගමන තාක්ෂණ
Data protection request portal,දත්ත ආරක්ෂණ ඉල්ලීම් පෝර්ටල්
Privacy complaint handling,පෞද්ගලිකත්ව පැමිණිලි කළමනාකරණය
Basic personal identifiers,මූලික පුද්ගලික හඳුනාගැනීමේ දත්ත
Device and online identifiers,උපාංග සහ අන්තර්ජාල හඳුනාගැනීම්
Network activity information,ජාල ක්‍රියාකාරකම් තොරතුරු
Commercial transaction information,ව්‍යාපාරික ගනුදෙනු තොරතුරු
Communication content data,සන්නිවේදන අන්තර්ගත දත්ත
Demographic profile information,ජනගණන පැතිකඩ තොරතුරු
Financial account information,මුල්‍ය ගිණුම් තොරතුරු
Biometric identification data,ජීව විද්‍යාත්මක හඳුනාගැනීමේ දත්ත
Precise geolocation data,නිශ්චිත භූ-ස්ථාන දත්ත
Sensory data collection,ඉන්ද්‍රිය දත්ත එකතු කිරීම
Behavioral inference data,හැසිරීම් අනුමාන දත්ත
Customer transaction processing,ගනුදෙනුකරු ගනුදෙනු සැකසීම
Order fulfillment services,ඇණවුම් සම්පූර්ණ කිරීමේ සේවා
Advertising and marketing services,ප්‍රචාරණ සහ වෙළඳ සේවා
Fraud detection mechanisms,වංචා හඳුනාගැනීමේ ක්‍රම
Security and integrity measures,ආරක්ෂණ සහ අඛණ්ඩතා ක්‍රියාමාර්ග
Data combination from sources,විවිධ මූලාශ්‍ර වලින් දත්ත එකතු කිරීම
Vendor service operations,විකුණුම්කරුවන්ගේ සේවා ක්‍රියාකාරකම්
Targeted advertising delivery,ලක්ෂ්‍යගත ප්‍රචාරණ සැපයීම
Cross platform data usage,වේදිකා අතර දත්ත භාවිතය
Automated data collection,ස්වයංක්‍රීය දත්ත එකතු කිරීම
Camera and sensor access,කැමරා සහ සෙන්සර් ප්‍රවේශය
Content and communication data,අන්තර්ගත සහ සන්නිවේදන දත්ත
User generated information,පරිශීලක නිර්මාණ දත්ත
Network and connection data,ජාල සහ සම්බන්ධතා දත්ත
Usage activity patterns,භාවිත ක්‍රියාකාරකම් රටා
Transaction and payment data,ගනුදෙනු සහ ගෙවීම් දත්ත
Device and system information,උපාංග සහ පද්ධති තොරතුරු
Device behavior tracking,උපාංග හැසිරීම් නිරීක්ෂණය
Cross device data integration,උපාංග අතර දත්ත ඒකාබද්ධ කිරීම
Location related signals,ස්ථානය සම්බන්ධ සංඥා
Partner provided data,හවුල්කරුවන් විසින් ලබාදෙන දත්ත
Advertising interaction data,ප්‍රචාරණ අන්තර්ක්‍රියා දත්ත
Analytics and measurement services,විශ්ලේෂණ සහ මාපන සේවා
Security and fraud detection,ආරක්ෂාව සහ වංචා හඳුනාගැනීම
Product personalization process,සේවා පුද්ගලීකරණ ක්‍රියාවලිය
Cross platform personalization,වේදිකා අතර පුද්ගලීකරණය
Research and innovation activities,පර්යේෂණ සහ නවෝත්පාදන ක්‍රියාකාරකම්
Data sharing with partners,හවුල්කරුවන් සමඟ දත්ත බෙදාගැනීම
Legal compliance and enforcement,නීතිමය අනුකූලතාව සහ ක්‍රියාත්මක කිරීම
Public information visibility,මහජන දත්ත දෘශ්‍යතාව
Third party application access,තෙවන පාර්ශව යෙදුම් ප්‍රවේශය
End to end encrypted communication,අන්ත සිට අන්ත දක්වා ගුප්තකේතනය කළ සන්නිවේදනය
Temporary message storage,තාවකාලික පණිවිඩ ගබඩා කිරීම
Encrypted media transfer,ගුප්තකේතනය කළ මාධ්‍ය මාරු කිරීම
Live location sharing feature,සජීවී ස්ථානය බෙදාගැනීමේ විශේෂාංගය
Contact synchronization process,සම්බන්ධතා සමමුහුර්ත ක්‍රියාවලිය
Group and community management,සමූහ සහ ප්‍රජා කළමනාකරණය
Customer support communication,පාරිභෝගික සහාය සන්නිවේදනය
Account verification process,ගිණුම් සත්‍යාපන ක්‍රියාවලිය
Two step authentication system,දෙ-පියවර සත්‍යාපන පද්ධතිය
Device and connection details,උපාංග සහ සම්බන්ධතා විස්තර
Usage and activity tracking,භාවිත සහ ක්‍රියාකාරකම් නිරීක්ෂණය
Log and diagnostic data collection,ලොග් සහ දෝෂ විශ්ලේෂණ දත්ත එකතු කිරීම
General location estimation,සාමාන්‍ය ස්ථාන ඇස්තමේන්තුව
User privacy settings control,පරිශීලක පෞද්ගලිකත්ව සැකසුම් පාලනය
Third party service integration,තෙවන පාර්ශව සේවා ඒකාබද්ධ කිරීම
Business communication services,ව්‍යාපාරික සන්නිවේදන සේවා
Legal compliance processing,නීතිමය අනුකූලතා සැකසීම
Security and abuse prevention,ආරක්ෂාව සහ අපයෝජන වැළැක්වීම
Data retention management,දත්ත රඳවා තබාගැනීමේ කළමනාකරණය
Professional networking platform,වෘත්තීය සම්බන්ධතා වේදිකාව
Job and career opportunities,රැකියා සහ වෘත්තීය අවස්ථා
Content sharing and posting,අන්තර්ගත බෙදාගැනීම සහ ප්‍රකාශනය
Connection and interaction data,සම්බන්ධතා සහ අන්තර්ක්‍රියා දත්ත
Calendar and contact synchronization,දිනදර්ශන සහ සම්බන්ධතා සමමුහුර්තය
Personalized content recommendation,පුද්ගලීකරණ අන්තර්ගත යෝජනා
AI model training process,AI ආකෘති පුහුණු කිරීම
User activity tracking,පරිශීලක ක්‍රියාකාරකම් නිරීක්ෂණය
Location based services,ස්ථානය මත පදනම් සේවා
Communication and messaging data,සන්නිවේදන සහ පණිවිඩ දත්ත
Premium subscription services,ප්‍රිමියම් දායකත්ව සේවා
Advertising performance measurement,ප්‍රචාරණ ක්‍රියාකාරිත්ව මිනුම්
Business analytics insights,ව්‍යාපාරික විශ්ලේෂණ දත්ත
Security and fraud prevention,ආරක්ෂාව සහ වංචා වැළැක්වීම
Cross platform data sharing,වේදිකා අතර දත්ත බෙදාගැනීම
User data control settings,පරිශීලක දත්ත පාලන සැකසුම්
Personal data collection process,පුද්ගලික දත්ත එකතු කිරීමේ ක්‍රියාවලිය
Identification and contact details,හඳුනාගැනීම සහ සම්බන්ධතා විස්තර
Financial and transaction information,මුල්‍ය සහ ගනුදෙනු තොරතුරු
Technical and usage data,තාක්ෂණික සහ භාවිත දත්ත
Marketing communication preferences,වෙළඳ සන්නිවේදන අභිරුචි
Sensitive personal data processing,සංවේදී පුද්ගලික දත්ත සැකසීම
Biometric identification information,ජීව විද්‍යාත්මක හඳුනාගැනීමේ දත්ත
Health related personal data,සෞඛ්‍ය සම්බන්ධ දත්ත
Child personal data protection,ළමා දත්ත ආරක්ෂාව
Direct interaction data collection,සෘජු අන්තර්ක්‍රියා මගින් දත්ත එකතු කිරීම
Automated data collection technologies,ස්වයංක්‍රීය දත්ත එකතු කිරීමේ තාක්ෂණ
Third party data sources,තෙවන පාර්ශව දත්ත මූලාශ්‍ර
Customer relationship management,ගනුදෙනුකරු සම්බන්ධතා කළමනාකරණය
Marketing and promotional activities,වෙළඳ සහ ප්‍රවර්ධන ක්‍රියාකාරකම්
Security and fraud detection measures,ආරක්ෂාව සහ වංචා හඳුනාගැනීමේ ක්‍රියාමාර්ග
Anti money laundering compliance,මුදල් පිරිසිදු කිරීම වැළැක්වීමේ අනුකූලතාව
Internal operational purposes,අභ්‍යන්තර මෙහෙයුම් අරමුණු
Regulatory and law enforcement bodies,නියාමන සහ නීති ක්‍රියාත්මක ආයතන
Credit reference agency sharing,ණය තොරතුරු ආයතන සමඟ බෙදාගැනීම
Data security control measures,දත්ත ආරක්ෂණ පාලන ක්‍රියාමාර්ග
Personal data breach notification,දත්ත කඩාවැටීම් දැනුම්දීම
Data retention policy determination,දත්ත රඳවා තබාගැනීමේ ප්‍රතිපත්තිය
Legal and regulatory requirements,නීතිමය සහ නියාමන අවශ්‍යතා
Personal identifiable information definition,පුද්ගලික හඳුනාගත හැකි දත්ත నిర్వචනය
Sensitive personal data categories,සංවේදී පුද්ගලික දත්ත වර්ග
Customer identification details,ගනුදෙනුකරු හඳුනාගැනීමේ විස්තර
Financial and credit information,මුල්‍ය සහ ණය තොරතුරු
Technical device information,තාක්ෂණික උපාංග තොරතුරු
Customer preferences and feedback,ගනුදෙනුකරු අභිරුචි සහ ප්‍රතිචාර
Identity verification process,හැඳුනුම් සත්‍යාපන ක්‍රියාවලිය
Transaction and payment processing,ගනුදෙනු සහ ගෙවීම් සැකසීම
Customer communication management,ගනුදෙනුකරු සන්නිවේදන කළමනාකරණය
Market research and analysis,වෙළඳ පර්යේෂණ සහ විශ්ලේෂණය
Legal and regulatory compliance,නීතිමය සහ නියාමන අනුකූලතාව
Fraud prevention activities,වංචා වැළැක්වීමේ ක්‍රියාකාරකම්
Third party data sharing,තෙවන පාර්ශව සමඟ දත්ත බෙදාගැනීම
Service provider operations,සේවා සපයන්නන්ගේ ක්‍රියාකාරකම්
Government and regulatory disclosure,රාජ්‍ය සහ නියාමන හෙළිදරව්
Data protection measures implementation,දත්ත ආරක්ෂණ ක්‍රියාමාර්ග ක්‍රියාත්මක කිරීම
Access restriction controls,ප්‍රවේශ සීමා පාලනය
Data retention and deletion policy,දත්ත රඳවා තබාගැනීම සහ මකාදැමීමේ ප්‍රතිපත්තිය
Mobile application data collection,ජංගම යෙදුම් දත්ත එකතු කිරීම
Contact list data usage,සම්බන්ධතා ලැයිස්තු දත්ත භාවිතය
Image data processing,රූප දත්ත සැකසීම
Regulatory data retention requirements,නියාමන දත්ත රඳවා තබාගැනීමේ අවශ්‍යතා
Regulation of personal data processing,පුද්ගලික දත්ත සැකසීම නියාමනය කිරීම
Strengthening of data subject rights,දත්ත හිමිකරුගේ අයිතිවාසිකම් ශක්තිමත් කිරීම
Establishment of data protection authority,දත්ත ආරක්ෂණ අධිකාරිය පිහිටුවීම
Protection of personal data rights,පුද්ගලික දත්ත අයිතිවාසිකම් ආරක්ෂාව
Growth of digital economy,ඩිජිටල් ආර්ථිකයේ වර්ධනය
Innovation in digital economy,ඩිජිටල් ආර්ථිකයේ නවෝත්පාදනය
Interoperability among protection frameworks,ආරක්ෂණ රාමු අතර අන්තර්ක්‍රියාකාරීත්වය
Cross border enforcement cooperation,දේශසීමා හරහා බලපැවැත්වීමේ සහයෝගීතාව
Safeguarding of privacy,පෞද්ගලිකත්වය ආරක්ෂා කිරීම
Respect for written laws,ලිඛිත නීතිවලට ගරු කිරීම
Application of the Act,පනතේ අදාළ වීම
Processing within Sri Lanka,ශ්‍රී ලංකාව තුළ දත්ත සැකසීම
Processing outside Sri Lanka,ශ්‍රී ලංකාවෙන් පිටත දත්ත සැකසීම
Targeting of data subjects,දත්ත හිමිකරුවන් ඉලක්ක කිරීම
Monitoring of data subject behaviour,දත්ත හිමිකරුගේ හැසිරීම නිරීක්ෂණය කිරීම
Processing for household purposes,ගෘහස්ථ අරමුණු සඳහා දත්ත සැකසීම
Processing of non personal data,පුද්ගලික නොවන දත්ත සැකසීම
Prevailing effect of the Act,පනතේ බලපැවැත්වීමේ ප්‍රමුඛතාව
Compliance with protection obligations,ආරක්ෂණ වගකීම්වලට අනුකූල වීම
Lawful basis of processing,දත්ත සැකසීමේ නීතිමය පදනම
Processing of special categories,විශේෂ ප්‍රභේදවල දත්ත සැකසීම
Processing for criminal investigations,අපරාධ විමර්ශන සඳහා දත්ත සැකසීම
Definition of processing purpose,දත්ත සැකසීමේ අරමුණ නිර්වචනය කිරීම
Specified and explicit purpose,නිශ්චිත සහ පැහැදිලි අරමුණ
Legitimate purpose of processing,නීත්‍යානුකූල සැකසුම් අරමුණ
Incompatible further processing,නොගැළපෙන අතිරේක සැකසීම
Historical research purpose,ඓතිහාසික පර්යේෂණ අරමුණ
Adequate and relevant data,ප්‍රමාණවත් සහ අදාළ දත්ත
Proportionate data processing,සමානුපාතික දත්ත සැකසීම
Accuracy of personal data,පුද්ගලික දත්තවල නිවැරදිභාවය
Updating of personal data,පුද්ගලික දත්ත යාවත්කාලීන කිරීම
Rectification of inaccurate data,වැරදි දත්ත නිවැරදි කිරීම
Erasure of outdated data,යාවත්කාලීන නොවූ දත්ත මකාදැමීම
Retention in identifiable form,හඳුනාගත හැකි ආකාරයෙන් රඳවා තබාගැනීම
Longer retention for research,පර්යේෂණ සඳහා දිගු කාලීන රඳවා තබාගැනීම
Integrity of personal data,පුද්ගලික දත්තවල අඛණ්ඩතාව
Confidentiality of personal data,පුද්ගලික දත්තවල රහස්‍යභාවය
Use of encryption measures,සංකේතන ක්‍රියාමාර්ග භාවිතය
Use of pseudonymisation measures,අර්ධ නාමිකරණ ක්‍රියාමාර්ග භාවිතය
Use of anonymisation measures,අනාමිකරණ ක්‍රියාමාර්ග භාවිතය
Use of access controls,ප්‍රවේශ පාලන භාවිතය
Prevention of unlawful processing,නීතිවිරෝධී සැකසීම වැළැක්වීම
Prevention of data loss,දත්ත නැතිවීම වැළැක්වීම
Prevention of data destruction,දත්ත විනාශය වැළැක්වීම
Prevention of data damage,දත්ත හානිවීම වැළැක්වීම
Transparent processing of data,දත්ත පාරදෘශ්‍ය ලෙස සැකසීම
Information in written form,ලිඛිත ආකාරයෙන් තොරතුරු
Information by electronic means,විද්‍යුත් මාධ්‍යයෙන් තොරතුරු
Concise and transparent form,සංක්ෂිප්ත සහ පාරදෘශ්‍ය ආකෘතිය
Intelligible and accessible form,තේරුම්ගත හැකි සහ ප්‍රවේශ විය හැකි ආකෘතිය
Implementation of internal controls,අභ්‍යන්තර පාලන ක්‍රියාත්මක කිරීම
Data protection management programme,දත්ත ආරක්ෂණ කළමනාකරණ වැඩසටහන
Maintenance of catalogued records,නාමාවලීගත වාර්තා පවත්වාගෙන යාම
Structure of processing activities,සැකසුම් ක්‍රියාකාරකම්වල ව්‍යුහය
Scale of processing activities,සැකසුම් ක්‍රියාකාරකම්වල පරිමාණය
Volume of processing activities,සැකසුම් ක්‍රියාකාරකම්වල ප්‍රමාණය
Sensitivity of processing activities,සැකසුම් ක්‍රියාකාරකම්වල සංවේදීභාවය
Integration into governance structure,පාලන ව්‍යුහයට ඒකාබද්ධ කිරීම
Establishment of oversight mechanisms,අධීක්ෂණ යන්ත්‍රණ පිහිටුවීම
Receipt of complaints,පැමිණිලි භාරගැනීම
Conduct of inquiries,විමර්ශන පැවැත්වීම
Identification of data breaches,දත්ත උල්ලංඝන හඳුනාගැනීම
Updating through monitoring,නිරීක්ෂණය මගින් යාවත්කාලීන කිරීම
Facilitation of rights exercise,අයිතිවාසිකම් ක්‍රියාත්මක කිරීමට පහසුකම් සැලසීම
Access confirmation request,ප්‍රවේශ තහවුරු කිරීමේ ඉල්ලීම
Information under schedule five,පස්වන උපලේඛනය යටතේ තොරතුරු
Withdrawal of data consent,දත්ත අනුමැතිය ඉවත් කිරීම
Objection to further processing,අතිරේක සැකසීමට විරෝධය දැක්වීම
Request to refrain processing,සැකසීමෙන් වැළකී සිටීමට ඉල්ලීම
Rectification of personal data,පුද්ගලික දත්ත නිවැරදි කිරීම
Completion of incomplete data,අසම්පූර්ණ දත්ත සම්පූර්ණ කිරීම
Erasure request by data subject,දත්ත හිමිකරුගේ මකාදැමීමේ ඉල්ලීම
Contravention of obligations,වගකීම් උල්ලංඝනය කිරීම
Granting of data request,දත්ත ඉල්ලීම අනුමත කිරීම
Refusal of data request,දත්ත ඉල්ලීම ප්‍රතික්ෂේප කිරීම
Recording reasons for refusal,ප්‍රතික්ෂේප හේතු වාර්තා කිරීම
Submission of refusal records,ප්‍රතික්ෂේප වාර්තා ඉදිරිපත් කිරීම
Establishment of data subject identity,දත්ත හිමිකරුගේ අනන්‍යතාව තහවුරු කිරීම
Request for additional information,අතිරේක තොරතුරු ඉල්ලීම
Exercise by legal guardian,නීත්‍යානුකූල භාරකරු විසින් ක්‍රියාත්මක කිරීම
Exercise by authorized person,අවසරලත් පුද්ගලයෙකු විසින් ක්‍රියාත්මක කිරීම
Exercise by heir,උරුමකරුවෙකු විසින් ක්‍රියාත්මක කිරීම
Impact on rights and freedoms,අයිතිවාසිකම් සහ නිදහසට බලපෑම
Decision based on consent,අනුමැතිය මත පදනම් වූ තීරණය
Decision necessary for contract,ගිවිසුම සඳහා අවශ්‍ය තීරණය
Safeguarding rights and freedoms,අයිතිවාසිකම් සහ නිදහස ආරක්ෂා කිරීම
Appeal against controller decision,පාලකයාගේ තීරණයට එරෙහි අභියාචනය
Determination of appeal,අභියාචනය තීරණය කිරීම
Decision with reasons,හේතු සහිත තීරණය
Effect to authority decision,අධිකාරියේ තීරණය ක්‍රියාත්මක කිරීම
Appeal to Court of Appeal,අභියාචනාධිකරණයට අභියාචනය
Appointment of protection officer,ආරක්ෂණ නිලධාරියා පත් කිරීම
Regular monitoring of data subjects,දත්ත හිමිකරුවන් නිතිපතා නිරීක්ෂණය කිරීම
Processing causing risk of harm,හානි අවදානමක් ඇති කරන සැකසීම
Professional qualifications of officer,නිලධාරියාගේ වෘත්තීය සුදුසුකම්
Technical skills in data protection,දත්ත ආරක්ෂණ තාක්ෂණික කුසලතා
Response to processing incidents,සැකසුම් සිද්ධිවලට ප්‍රතිචාර දැක්වීම
Advice on processing requirements,සැකසුම් අවශ්‍යතා පිළිබඳ උපදෙස්
Capacity building of staff,කාර්ය මණ්ඩල ධාරිතා වර්ධනය
Cooperation with authority directives,අධිකාරියේ නියෝග සමඟ සහයෝගය
Processor on behalf of controller,පාලකයා වෙනුවෙන් සැකසුම්කරු
Written contract with processor,සැකසුම්කරු සමඟ ලිඛිත ගිවිසුම
Subject matter of processing,සැකසීමේ විෂය කරුණ
Duration of processing,සැකසීමේ කාලය
Nature of processing,සැකසීමේ ස්වභාවය
Categories of data subjects,දත්ත හිමිකරුවන්ගේ කාණ්ඩ
Obligations of processor,සැකසුම්කරුගේ වගකීම්
Processing under written instructions,ලිඛිත උපදෙස් යටතේ සැකසීම
Confidentiality of personnel,කාර්ය මණ්ඩල රහස්‍යභාවය
Compliance audits by controller,පාලකයා විසින් අනුකූලතා විගණන
Return of personal data,පුද්ගලික දත්ත ආපසු ලබාදීම
Erasure of existing copies,පවතින පිටපත් මකාදැමීම
Engagement of sub processor,උප සැකසුම්කරු සම්බන්ධ කරගැනීම
Liability for sub processor,උප සැකසුම්කරු සඳහා වගකීම
Notification to the authority,අධිකාරියට දැනුම්දීම
Notification to affected data subject,බලපෑමට ලක්වූ දත්ත හිමිකරුට දැනුම්දීම
Form of breach notification,උල්ලංඝන දැනුම්දීමේ ආකෘතිය
Manner of breach notification,උල්ලංඝන දැනුම්දීමේ ආකාරය
Systematic extensive evaluation,ක්‍රමවත් පුළුල් ඇගයීම
Monitoring of public areas,මහජන ප්‍රවේශ ප්‍රදේශ නිරීක්ෂණය
Monitoring of telecommunication networks,දුරකථන ජාල නිරීක්ෂණය
Assessment before processing,සැකසීමට පෙර ඇගයීම
Impact of intended processing,අපේක්ෂිත සැකසීමේ බලපෑම
Measures to mitigate risk,අවදානම් අවම කිරීමේ ක්‍රියාමාර්ග
Assistance of protection officer,ආරක්ෂණ නිලධාරියාගේ සහාය
Change in methodology,ක්‍රමවේදයේ වෙනස
Change in technology,තාක්ෂණයේ වෙනස
Change in processing process,සැකසුම් ක්‍රියාවලියේ වෙනස
Fresh impact assessment,නව බලපෑම් ඇගයීම
Submission to authority,අධිකාරියට ඉදිරිපත් කිරීම
Assessment of compliance,අනුකූලතාව ඇගයීම
Risks associated with processing,සැකසීම සමඟ සම්බන්ධ අවදානම්
Recommended safeguards by authority,අධිකාරිය විසින් නිර්දේශිත ආරක්ෂණ ක්‍රියාමාර්ග
Protection from prohibited statements,තහනම් ප්‍රකාශවලින් ආරක්ෂාව
Use of online accounts,මාර්ගගත ගිණුම් භාවිතය
Use of inauthentic accounts,නොසත්‍ය මාර්ගගත ගිණුම් භාවිතය
Identification of online locations,මාර්ගගත ස්ථාන හඳුනාගැනීම
Declaration of online locations,මාර්ගගත ස්ථාන ප්‍රකාශයට පත් කිරීම
Financing of prohibited statements,තහනම් ප්‍රකාශ සඳහා මුදල් සැපයීම
Support for prohibited communication,තහනම් සන්නිවේදනය සඳහා සහාය
Harm caused by online communication,මාර්ගගත සන්නිවේදනයෙන් ඇතිවන හානිය
Protection from contempt communication,අධිකරණයට අපහාස වන සන්නිවේදනයෙන් ආරක්ෂාව
Prevention of online account misuse,මාර්ගගත ගිණුම් අනිසි භාවිතය වැළැක්වීම
Misuse of bots,බොට් අනිසි භාවිතය
Promotion of prohibited online locations,තහනම් මාර්ගගත ස්ථාන ප්‍රවර්ධනය
Appointment of commission members,කොමිෂන් සභා සාමාජිකයන් පත් කිරීම
Approval of Constitutional Council,ආණ්ඩුක්‍රම ව්‍යවස්ථා සභාවේ අනුමැතිය
Disqualification of commission members,කොමිෂන් සභා සාමාජිකයන්ගේ නුසුදුසුකම
Removal from office,ධූරයෙන් ඉවත් කිරීම
Suspension from office,ධූරයෙන් අත්හිටුවීම
Term of commission members,කොමිෂන් සභා සාමාජිකයන්ගේ ධූර කාලය
Chairman of the commission,කොමිෂන් සභාවේ සභාපතිවරයා
Deputy chairman nomination,නියෝජ්‍ය සභාපති නම් කිරීම
Meetings of the commission,කොමිෂන් සභාවේ රැස්වීම්
Quorum for meetings,රැස්වීම් සඳහා ගණපූරණය
Decision by majority vote,බහුතර ඡන්දයෙන් තීරණය කිරීම
Seal of the commission,කොමිෂන් සභාවේ මුද්‍රාව
Powers of the commission,කොමිෂන් සභාවේ බලතල
Functions of the commission,කොමිෂන් සභාවේ කාර්යයන්
Notice to stop communication,සන්නිවේදනය නතර කිරීමේ දැන්වීම
Recommendation to remove statements,ප්‍රකාශ ඉවත් කිරීමේ නිර්දේශය
Assistance from police,පොලීසියෙන් සහාය ලබාගැනීම
Disciplinary control of staff,කාර්ය මණ්ඩලයේ විනය පාලනය
Communication of false statements,අසත්‍ය ප්‍රකාශ සන්නිවේදනය
Threat to public health,මහජන සෞඛ්‍යයට තර්ජනය
Threat to public order,මහජන සාමයට තර්ජනය
Promotion of ill will,අහිතකර හැඟීම් ප්‍රවර්ධනය
Promotion of hostility,වෛරීභාවය ප්‍රවර්ධනය
Disturbance to religious worship,ආගමික වන්දනාවට බාධා කිරීම
Insulting religious beliefs,ආගමික විශ්වාසයන්ට අපහාස කිරීම
Online cheating offence,මාර්ගගත වංචා අපරාධය
Cheating by personation,පුද්ගල ලෙස පෙනී සිටිමින් වංචා කිරීම
Publication of private information,පුද්ගලික තොරතුරු ප්‍රකාශනය
Communication causing harassment,හිංසනය ඇති කරන සන්නිවේදනය
Violation of personal dignity,පුද්ගල ගෞරවය උල්ලංඝනය කිරීම
Creation of hostile environment,වෛරී පරිසරයක් නිර්මාණය කිරීම
Abusive content relating to children,ළමුන්ට සම්බන්ධ අපයෝජන අන්තර්ගතය
Making of bots,බොට් නිර්මාණය කිරීම
Altering of bots,බොට් වෙනස් කිරීම
Complaint by aggrieved person,අගතියට පත් පුද්ගලයාගේ පැමිණිල්ල
Complaint in electronic form,විද්‍යුත් ආකාරයේ පැමිණිල්ල
Details of responsible persons,වගකිව යුතු පුද්ගලයන්ගේ විස්තර
Identifying features of location,ස්ථානයේ හඳුනාගැනීමේ ලක්ෂණ
Application of the Online Safety Act,මාර්ගගත ආරක්ෂණ පනතේ අදාළ වීම
Objectives of online safety,මාර්ගගත ආරක්ෂණ අරමුණු
Harm caused to persons,පුද්ගලයන්ට සිදුවන හානිය
Loss caused to the State,රාජ්‍යයට සිදුවන පාඩුව
Damage caused to residents,පදිංචිකරුවන්ට සිදුවන හානිය
Commission with perpetual succession,අඛණ්ඩ පැවැත්ම ඇති කොමිෂන් සභාව
Common seal of the Commission,කොමිෂන් සභාවේ පොදු මුද්‍රාව
Appointment by the President,ජනාධිපතිවරයා විසින් පත් කිරීම
Fresh nomination by President,ජනාධිපතිවරයා විසින් නව නාමයෝජනාව
Financial interest of member,සාමාජිකයාගේ මූල්‍යමය උනන්දුව
Absence from consecutive meetings,අඛණ්ඩ රැස්වීම්වලට නොපැමිණීම
Resignation of Commission member,කොමිෂන් සභා සාමාජිකයාගේ ඉල්ලා අස්වීම
Removal of Commission member,කොමිෂන් සභා සාමාජිකයා ඉවත් කිරීම
Suspension of Commission member,කොමිෂන් සභා සාමාජිකයා අත්හිටුවීම
Vacation of office,ධූරය හිස් වීම
Reappointment for further term,තවත් ධූර කාලයක් සඳහා නැවත පත් කිරීම
Remuneration of Commission members,කොමිෂන් සභා සාමාජිකයන්ගේ පාරිශ්‍රමිකය
Chairman resignation procedure,සභාපතිවරයා ඉල්ලා අස්වීමේ ක්‍රියාවලිය
Deputy Chairman functions,නියෝජ්‍ය සභාපතිවරයාගේ කාර්යයන්
Request to call meeting,රැස්වීමක් කැඳවීමට ඉල්ලීම
Urgent matter decision,හදිසි කරුණක් පිළිබඳ තීරණය
Presiding at meetings,රැස්වීම්වල මුලසුන දැරීම
Equality of votes,ඡන්ද සමාන වීම
Regulation of meeting procedure,රැස්වීම් ක්‍රියාවලිය නියාමනය කිරීම
Custody of the seal,මුද්‍රාව භාරයේ තබා ගැනීම
Affixing the seal,මුද්‍රාව තැබීම
Issuing directives to persons,පුද්ගලයන්ට නියෝග නිකුත් කිරීම
Issuing notices to communicators,සන්නිවේදකයන්ට දැන්වීම් නිකුත් කිරීම
Removal from online location,මාර්ගගත ස්ථානයෙන් ඉවත් කිරීම
Referral to appropriate court,අදාළ අධිකරණයට යොමු කිරීම
Maintenance of online portal,මාර්ගගත ද්වාරය පවත්වාගෙන යාම
Public awareness on false statements,අසත්‍ය ප්‍රකාශ පිළිබඳ මහජන අවබෝධය
Registration of social media websites,සමාජ මාධ්‍ය වෙබ් අඩවි ලියාපදිංචිය
Consultation with affected persons,බලපෑමට ලක්වන පුද්ගලයන් සමඟ උපදේශනය
Advice to the Government,රජයට උපදෙස් ලබාදීම
Acquisition of movable property,චංචල දේපළ අත්කර ගැනීම
Acquisition of immovable property,නිශ්චල දේපළ අත්කර ගැනීම
Employment of Commission staff,කොමිෂන් සභා කාර්ය මණ්ඩලය සේවයට යෙදවීම
Dismissal of Commission staff,කොමිෂන් සභා කාර්ය මණ්ඩලය ඉවත් කිරීම
Threat caused by false statement,අසත්‍ය ප්‍රකාශයෙන් ඇතිවන තර්ජනය
Hostility between classes of people,පුද්ගල පන්ති අතර වෛරීභාවය
Communication amounting to contempt,අධිකරණ අපහාසයක් වන සන්නිවේදනය
Wanton provocation by statement,ප්‍රකාශයකින් අවිචාර ප්‍රකෝප කිරීම
Malicious communication online,ද්වේෂ සහගත මාර්ගගත සන්නිවේදනය
Disturbance of religious assembly,ආගමික රැස්වීමට බාධා කිරීම
Insult to religious feelings,ආගමික හැඟීම්වලට අපහාස කිරීම
Deception through online account,මාර්ගගත ගිණුමක් හරහා රැවටීම
Dishonest inducement of person,වංක ලෙස පුද්ගලයෙකු පොළඹවීම
Retention of property by deception,රැවටීමෙන් දේපළ රඳවා ගැනීම
Representation as another person,වෙනත් පුද්ගලයෙකු ලෙස පෙනී සිටීම
False report causing public alarm,මහජන භීතිය ඇති කරන අසත්‍ය වාර්තාව
Publication of target person information,ඉලක්ක පුද්ගලයාගේ තොරතුරු ප්‍රකාශනය
Threatening or distressing behaviour,තර්ජනාත්මක හෝ පීඩාකාරී හැසිරීම
Degrading online environment,අවමන්කාරී මාර්ගගත පරිසරය
Protection of children online,මාර්ගගතව ළමුන් ආරක්ෂා කිරීම
Offence committed through online location,මාර්ගගත ස්ථානයක් හරහා සිදු කරන අපරාධය
Publishing harmful child-related material,ළමුන්ට සම්බන්ධ හානිකර ද්‍රව්‍ය ප්‍රකාශනය
Bot used for offence,අපරාධයක් සඳහා භාවිතා කරන බොට්
Communication perceived by end users,අවසාන පරිශීලකයන් විසින් අවබෝධ කරගත් සන්නිවේදනය
Information pertaining to communication,සන්නිවේදනයට අදාළ තොරතුරු
Details of online location,මාර්ගගත ස්ථානයේ විස්තර
Details of prohibited communication,තහනම් සන්නිවේදනයේ විස්තර
Regulation of secured transactions,සුරක්ෂිත ගනුදෙනු නියාමනය
Security rights in movable property,චංචල දේපළවල සුරක්ෂණ අයිතිවාසිකම්
Establishment of registration authority,ලියාපදිංචි කිරීමේ අධිකාරිය පිහිටුවීම
Register of security rights,සුරක්ෂණ අයිතිවාසිකම් ලේඛනය
Rights of secured parties,සුරක්ෂිත පාර්ශවයන්ගේ අයිතිවාසිකම්
Duties of secured parties,සුරක්ෂිත පාර්ශවයන්ගේ වගකීම්
Rights of debtors,ණයගැතියන්ගේ අයිතිවාසිකම්
Duties of debtors,ණයගැතියන්ගේ වගකීම්
Creation of security rights,සුරක්ෂණ අයිතිවාසිකම් නිර්මාණය
Perfection of security rights,සුරක්ෂණ අයිතිවාසිකම් පරිපූර්ණ කිරීම
Subordination of unperfected rights,පරිපූර්ණ නොකළ අයිතිවාසිකම් අනුප්‍රමුඛ කිරීම
Priority among creditors,ණයහිමියන් අතර ප්‍රමුඛතාව
Competing creditor claims,තරඟකාරී ණයහිමි හිමිකම්
Collateral subject to security,සුරක්ෂණයට යටත් උපබන්ධන දේපළ
Description of collateral,උපබන්ධන දේපළ විස්තර කිරීම
Possession of collateral,උපබන්ධන දේපළ භුක්තිය
Custody of collateral,උපබන්ධන දේපළ භාරකාරත්වය
Preservation of collateral value,උපබන්ධන දේපළ වටිනාකම ආරක්ෂා කිරීම
Transfer of chattel paper,චංචල දේපළ පත්‍රය පවරාදීම
Assignment of account rights,ගිණුම් අයිතිවාසිකම් පවරාදීම
Lease over one year,වසරකට වැඩි බදු ගිවිසුම
Payment of obligation,බැඳීමක් ගෙවීම
Performance of obligation,බැඳීමක් ඉටු කිරීම
Notice of judgment registration,තීන්දු දැන්වීම ලියාපදිංචි කිරීම
Security agreement terms,සුරක්ෂණ ගිවිසුමේ කොන්දේසි
Written security agreement,ලිඛිත සුරක්ෂණ ගිවිසුම
Copy of security agreement,සුරක්ෂණ ගිවිසුමේ පිටපත
Delivery of agreement copy,ගිවිසුම් පිටපත භාරදීම
Security right in proceeds,ලැබීම්වල සුරක්ෂණ අයිතිය
Security right in crops,බෝගවල සුරක්ෂණ අයිතිය
Security right in goods,භාණ්ඩවල සුරක්ෂණ අයිතිය
Security right in instruments,පත්‍රවල සුරක්ෂණ අයිතිය
Security right in money,මුදල්වල සුරක්ෂණ අයිතිය
Security right by possession,භුක්තිය මගින් සුරක්ෂණ අයිතිය
Security right by registration,ලියාපදිංචිය මගින් සුරක්ෂණ අයිතිය
Temporary perfection period,තාවකාලික පරිපූර්ණ කිරීමේ කාලය
Control of debtor,ණයගැතියාගේ පාලනය
Knowledge of security right,සුරක්ෂණ අයිතිය පිළිබඳ දැනුම
Good faith assignment,හොඳ විශ්වාසයෙන් පවරාදීම
Defence against assignee,පවරාගන්නාට එරෙහි ආරක්ෂණය
Acceleration of payment,ගෙවීම වේගවත් කිරීම
Collateral in jeopardy,අවදානමට ලක් වූ උපබන්ධන දේපළ
Reasonable grounds of belief,විශ්වාසය සඳහා සාධාරණ හේතු
Preservation expenses of collateral,උපබන්ධන දේපළ ආරක්ෂණ වියදම්
Insurance of collateral,උපබන්ධන දේපළ රක්ෂණය
Risk of loss or damage,පාඩු හෝ හානි අවදානම
Additional security from profits,ලාභවලින් අතිරේක සුරක්ෂණය
Use of collateral,උපබන්ධන දේපළ භාවිතය
Authorized representative of debtor,ණයගැතියාගේ අවසරලත් නියෝජිතයා
Statement of indebtedness,ණයබැඳීම පිළිබඳ ප්‍රකාශය
Statement of collateral,උපබන්ධන දේපළ පිළිබඳ ප්‍රකාශය
Correction of collateral statement,උපබන්ධන ප්‍රකාශය නිවැරදි කිරීම
Request for true copy,සත්‍ය පිටපතක් සඳහා ඉල්ලීම
Response within fifteen days,දින පහළොවක් තුළ ප්‍රතිචාරය
Incomplete or incorrect response,අසම්පූර්ණ හෝ වැරදි ප්‍රතිචාරය
Disclosure of successor,අනුප්‍රාප්තිකයා හෙළි කිරීම
Application to Magistrate Court,මහේස්ත්‍රාත් අධිකරණයට ඉල්ලීම
Court order for compliance,අනුකූලතාව සඳහා අධිකරණ නියෝගය
Failure to comply with order,නියෝගයට අනුකූල නොවීම
Amendment of Prevention of Frauds Ordinance,වංචා වැළැක්වීමේ ආඥාපනත සංශෝධනය කිරීම
Relevant deed or instrument,අදාළ ඔප්පුව හෝ සාධන පත්‍රය
Deed in writing,ලිඛිත ඔප්පුව
Instrument in writing,ලිඛිත සාධන පත්‍රය
Signed by every executant,සෑම ලියා අත්සන් කරන්නෙකු විසින් අත්සන් කළ
Duly authorised by executant,ලියා අත්සන් කරන්නා විසින් යථා පරිදි බලය පැවරූ
Presence of licensed notary public,බලපත්‍රලාභී ප්‍රසිද්ධ නොතාරිස්වරයෙකු ඉදිරිපිට
Presence of witnesses,සාක්ෂිකරුවන් ඉදිරිපිට
Present at the same time,එකවර පැමිණ සිටීම
Presence of one another,එකිනෙකා ඉදිරියේ
Attested by notary,නොතාරිස්වරයා විසින් සහතික කළ
Transfer deed requirements,පැවරීමේ ඔප්පුවේ නියමයන්
Affix signatures,අත්සන් තැබීම
Affix thumb impressions,මහපට ඇඟිලි සලකුණු තැබීම
Unable to execute deed,ඔප්පුව ලියා අත්සන් කිරීමට නොහැකි
Authorize another person in writing,වෙනත් තැනැත්තෙකුට ලිඛිතව බලය පැවරීම
Sign on his behalf,ඔහු වෙනුවෙන් අත්සන් කිරීම
Comply with subsection requirements,උපවගන්තියේ නියමයන්ට අනුකූල වීම
Corporate body transferee,සංස්ථාපිත මණ්ඩලයක් වන ගැණුම්කරු
Board unable to be present,අධ්‍යක්ෂ මණ්ඩලයට පැමිණ සිටීමට නොහැකි
Person authorized by Board,මණ්ඩලය විසින් බලය පැවරූ තැනැත්තා
Minor transferee,බාලවයස් ගැණුම්කරු
Guardian acting on behalf,භාරකරු වෙනුවෙන් ක්‍රියා කිරීම
Competent to act,ක්‍රියා කිරීමට ශක්නුතාව ඇති
Purpose of this section,මෙම වගන්තියේ කාර්යය
Sinhala text shall prevail,සිංහල භාෂා පාඨය බලපැවැත්විය යුතුය
In case of inconsistency,අනනුකූලතාවක් ඇති වූ විට
Repeal of paragraph,ඡේදය ඉවත් කිරීම
Substitution of words,වචන ආදේශ කිරීම
Addition of new subsection,නව උපවගන්තිය එකතු කිරීම
Renumbering of section,වගන්තිය නැවත අංකනය කිරීම
Immediately after subsection,උපවගන්තියට ඉක්බිතිවම
Certified on date,දිනයේ සහතික කරන ලද
Short title of Act,පනතේ ලුහුඬු නාමය
Execution of relevant deed,අදාළ ඔප්පුව ලියා අත්සන් කිරීම
Execution of relevant instrument,අදාළ සාධන පත්‍රය ලියා අත්සන් කිරීම
Authorisation by executant,ලියා අත්සන් කරන්නා විසින් බලය පැවරීම
Written authorisation by executant,ලියා අත්සන් කරන්නා විසින් ලිඛිත බලය පැවරීම
Signature before notary,නොතාරිස්වරයා ඉදිරියේ අත්සන් කිරීම
Thumb impression before notary,නොතාරිස්වරයා ඉදිරියේ මහපට ඇඟිලි සලකුණ තැබීම
Attestation by licensed notary,බලපත්‍රලාභී නොතාරිස්වරයා විසින් සහතික කිරීම
Presence of transfer parties,පැවරීම් පාර්ශවයන්ගේ පැමිණීම
Execution before witnesses,සාක්ෂිකරුවන් ඉදිරියේ ලියා අත්සන් කිරීම
Attestation of transfer deed,පැවරීමේ ඔප්පුව සහතික කිරීම
Signing by authorised person,බලය ලත් තැනැත්තා විසින් අත්සන් කිරීම
Execution by authorised person,බලය ලත් තැනැත්තා විසින් ලියා අත්සන් කිරීම
Authority to sign deed,ඔප්පුව අත්සන් කිරීමට බලය
Authority to execute document,ලේඛනය ලියා අත්සන් කිරීමට බලය
Inability of transferee,ගැණුම්කරුගේ නොහැකියාව
Written authority of transferee,ගැණුම්කරුගේ ලිඛිත බලය
Corporate body representative,සංස්ථාපිත මණ්ඩලයේ නියෝජිතයා
Execution by corporate representative,සංස්ථාපිත නියෝජිතයා විසින් අත්සන් කිරීම
Minor transfer representation,බාලවයස් පැවරීම් නියෝජනය
Guardian of minor transferee,බාලවයස් ගැණුම්කරුගේ භාරකරු
Competent guardian authority,ශක්නුතාව ඇති භාරකරුගේ බලය
Requirement of written deed,ලිඛිත ඔප්පුවක අවශ්‍යතාව
Requirement of written instrument,ලිඛිත සාධන පත්‍රයක අවශ්‍යතාව
Validity of deed execution,ඔප්පුව ලියා අත්සන් කිරීමේ වලංගුභාවය
Validity of attestation,සහතික කිරීමේ වලංගුභාවය
Notarial execution requirement,නොතාරිස් අත්සන් කිරීමේ අවශ්‍යතාව
Witness attestation requirement,සාක්ෂිකරු සහතික කිරීමේ අවශ්‍යතාව
Transfer deed attestation,පැවරීමේ ඔප්පුව සහතික කිරීම
Legal effect of attestation,සහතික කිරීමේ නීතිමය බලපෑම
Requirement for transfer deed,පැවරීමේ ඔප්පුව සඳහා අවශ්‍යතාව